insert into public.hobbies (id, name, icon, category, created_at, updated_at) values ('6dd51c4d-70b0-497b-8331-74280af62450', 'Basketball', '🏀', 'Sports', '2025-05-15 16:19:47.161639 +00:00', '2025-05-15 16:19:47.161639 +00:00');
insert into public.hobbies (id, name, icon, category, created_at, updated_at) values ('1aa149f7-d290-4e56-82af-3fe449f5039b', 'Tennis', '🎾', 'Sports', '2025-05-15 16:22:46.878227 +00:00', '2025-05-15 16:22:46.878227 +00:00');
insert into public.hobbies (id, name, icon, category, created_at, updated_at) values ('2d374bb1-e093-48ce-92ed-60d4ad2dad29', 'Pickleball', '🥒', 'Sports', '2025-05-15 16:23:21.200970 +00:00', '2025-05-15 16:23:21.200970 +00:00');
insert into public.hobbies (id, name, icon, category, created_at, updated_at) values ('b0dbb5a0-63d4-4d8d-963d-d4161d69db9d', 'Golf', '⛳️', 'Sports', '2025-05-15 16:24:10.696124 +00:00', '2025-05-15 16:24:10.696124 +00:00');
insert into public.hobbies (id, name, icon, category, created_at, updated_at) values ('7a273616-fc44-431f-addd-98af234b3c19', 'Soccer', '⚽️', 'Sports', '2025-05-15 16:24:24.893603 +00:00', '2025-05-15 16:24:24.893603 +00:00');
insert into public.hobbies (id, name, icon, category, created_at, updated_at) values ('0b9972ab-4456-4d61-909e-3ddeaf883293', 'Football', '🏈', 'Sports', '2025-05-15 16:26:03.112088 +00:00', '2025-05-15 16:26:03.112088 +00:00');
insert into public.hobbies (id, name, icon, category, created_at, updated_at) values ('d4eadfb1-1544-41f9-a319-53493f741c78', 'Hiking', '🥾', 'Outdoor', '2025-05-15 16:27:08.481581 +00:00', '2025-05-15 16:27:08.481581 +00:00');
insert into public.hobbies (id, name, icon, category, created_at, updated_at) values ('90e624a9-29a5-4f33-b876-80f00eea210d', 'Scubadiving', '🤿', 'Outdoor', '2025-05-15 16:27:33.157710 +00:00', '2025-05-15 16:27:33.157710 +00:00');
insert into public.hobbies (id, name, icon, category, created_at, updated_at) values ('0f015168-c521-44e7-b0bf-119f17688cf6', 'Baseball', '⚾️', 'Sports', '2025-05-15 16:28:05.723173 +00:00', '2025-05-15 16:28:05.723173 +00:00');
insert into public.hobbies (id, name, icon, category, created_at, updated_at) values ('32d68313-2bba-4baf-b649-e82b9ae0d1e5', 'Running', '🏃‍♀️', 'Outdoor', '2025-05-15 16:29:15.666991 +00:00', '2025-05-15 16:29:15.666991 +00:00');

--- SEED ROLES ---
INSERT INTO public.roles (id, name, description, created_at, updated_at) VALUES ('eca306eb-e0a2-40fe-be1e-15235a2cadb8', 'PlatformAdmin', 'Full control over the entire platform', '2025-06-10 17:17:47.894108 +00:00', '2025-06-10 17:17:47.894108 +00:00');
INSERT INTO public.roles (id, name, description, created_at, updated_at) VALUES ('2d35314e-2054-4b88-9299-bb057e9762be', 'ContentManager', 'Can manage global content like exercises, template programs', '2025-06-10 17:17:47.894108 +00:00', '2025-06-10 17:17:47.894108 +00:00');
INSERT INTO public.roles (id, name, description, created_at, updated_at) VALUES ('967fdead-46ac-439b-852b-4326237bfe0f', 'MoaiCoach', 'Manages specific Moais they are assigned to as a coach (derives permissions)', '2025-06-10 17:17:47.894108 +00:00', '2025-06-10 17:17:47.894108 +00:00');
INSERT INTO public.roles (id, name, description, created_at, updated_at) VALUES ('22d8475c-dd2c-42eb-890f-218b7e2256ef', 'MoaiAdmin', 'Manages specific Moais they are designated admin for (derives permissions)', '2025-06-10 17:17:47.894108 +00:00', '2025-06-10 17:17:47.894108 +00:00');
INSERT INTO public.roles (id, name, description, created_at, updated_at) VALUES ('18c6e94e-d715-4fae-bd9a-2c9a3075743d', 'Member', 'Standard user participating in Moais', '2025-06-10 17:17:47.894108 +00:00', '2025-06-10 17:17:47.894108 +00:00');

--- SEED Permissions ---
INSERT INTO public.permissions (id, key, description, created_at, updated_at) VALUES ('83ccfe2e-37b6-4a08-82cf-a63384752688', 'moai.create', 'Create a new moai', '2025-05-23 18:35:12.889437 +00:00', '2025-05-23 18:35:12.889437 +00:00');
INSERT INTO public.permissions (id, key, description, created_at, updated_at) VALUES ('ad78a115-d9fd-4cdc-9ff0-d7b989dab6a3', 'moai.update', 'Update moai details', '2025-05-23 18:35:12.889437 +00:00', '2025-05-23 18:35:12.889437 +00:00');
INSERT INTO public.permissions (id, key, description, created_at, updated_at) VALUES ('289fc7ee-615e-49fe-8c86-8d2fa550b39c', 'moai.delete', 'Delete a moai', '2025-05-23 18:35:12.889437 +00:00', '2025-05-23 18:35:12.889437 +00:00');
INSERT INTO public.permissions (id, key, description, created_at, updated_at) VALUES ('37da8020-1147-4880-8ef8-660070722cff', 'moai.invite', 'Invite users to a moai', '2025-05-23 18:35:12.889437 +00:00', '2025-05-23 18:35:12.889437 +00:00');
INSERT INTO public.permissions (id, key, description, created_at, updated_at) VALUES ('463ed1f7-5b66-46c4-96ca-e26af71afa2c', 'moai.remove_member', 'Remove members from a moai', '2025-05-23 18:35:12.889437 +00:00', '2025-05-23 18:35:12.889437 +00:00');
INSERT INTO public.permissions (id, key, description, created_at, updated_at) VALUES ('c87f7337-4e66-4274-912b-3663c15b3d29', 'moai.promote_member', 'Promote members to admin or coach', '2025-05-23 18:35:12.889437 +00:00', '2025-05-23 18:35:12.889437 +00:00');
INSERT INTO public.permissions (id, key, description, created_at, updated_at) VALUES ('52ae2451-0aac-495b-9e68-f57fe998cde2', 'moai.view_analytics', 'View moai analytics', '2025-05-23 18:35:12.889437 +00:00', '2025-05-23 18:35:12.889437 +00:00');
INSERT INTO public.permissions (id, key, description, created_at, updated_at) VALUES ('6caef08d-0d1a-4f4f-ac2f-60f89ab46e40', 'moai.create_event', 'Create events in a moai', '2025-05-23 18:35:12.889437 +00:00', '2025-05-23 18:35:12.889437 +00:00');
INSERT INTO public.permissions (id, key, description, created_at, updated_at) VALUES ('c9dacd9d-4337-432c-9305-bb280df995d6', 'moai.approve_event', 'Approve events in a moai', '2025-05-23 18:35:12.889437 +00:00', '2025-05-23 18:35:12.889437 +00:00');
INSERT INTO public.permissions (id, key, description, created_at, updated_at) VALUES ('33e62694-c071-4a06-b8cb-10f5f817f14e', 'moai.pin_post', 'Pin posts in a moai', '2025-05-23 18:35:12.889437 +00:00', '2025-05-23 18:35:12.889437 +00:00');
INSERT INTO public.permissions (id, key, description, created_at, updated_at) VALUES ('f9a435fb-c5cf-4f97-8bc3-24c4efe436e5', 'platform.manage_users', 'Can create, edit, delete any user profile', '2025-06-10 17:17:47.894108 +00:00', '2025-06-10 17:17:47.894108 +00:00');
INSERT INTO public.permissions (id, key, description, created_at, updated_at) VALUES ('5a926fd3-6036-4c07-84c4-637b842d2859', 'platform.manage_roles', 'Can assign/revoke any global role to/from users', '2025-06-10 17:17:47.894108 +00:00', '2025-06-10 17:17:47.894108 +00:00');
INSERT INTO public.permissions (id, key, description, created_at, updated_at) VALUES ('e63ba1a5-f132-4886-87ac-5acb5e3d3e34', 'platform.manage_all_moais', 'Can edit/delete any Moai', '2025-06-10 17:17:47.894108 +00:00', '2025-06-10 17:17:47.894108 +00:00');
INSERT INTO public.permissions (id, key, description, created_at, updated_at) VALUES ('c3151d99-bb4f-4e64-bf14-42017a74b1f3', 'moai.view_any', 'Can view details of any Moai (even private)', '2025-06-10 17:17:47.894108 +00:00', '2025-06-10 17:17:47.894108 +00:00');
INSERT INTO public.permissions (id, key, description, created_at, updated_at) VALUES ('ca03308c-a63f-4329-8c34-b0eb5a7f6fe1', 'moai.edit.own_created', 'Can edit Moais created by this user', '2025-06-10 17:17:47.894108 +00:00', '2025-06-10 17:17:47.894108 +00:00');
INSERT INTO public.permissions (id, key, description, created_at, updated_at) VALUES ('7c0fb617-7c29-4c1c-a997-b2a821d6daa0', 'moai.edit.assigned_coach', 'Can edit Moais where this user is a coach', '2025-06-10 17:17:47.894108 +00:00', '2025-06-10 17:17:47.894108 +00:00');
INSERT INTO public.permissions (id, key, description, created_at, updated_at) VALUES ('db90c770-a89f-4921-8752-96e5bb75b5b1', 'moai.edit.assigned_admin', 'Can edit Moais where this user is a moai_member admin', '2025-06-10 17:17:47.894108 +00:00', '2025-06-10 17:17:47.894108 +00:00');
INSERT INTO public.permissions (id, key, description, created_at, updated_at) VALUES ('d0fa91e9-5891-4e19-8331-c0dcbe162bfc', 'moai.manage_members.own_created', 'Can add/remove members from Moais created by user', '2025-06-10 17:17:47.894108 +00:00', '2025-06-10 17:17:47.894108 +00:00');
INSERT INTO public.permissions (id, key, description, created_at, updated_at) VALUES ('3e641bdb-f130-402f-8f31-60771e64d416', 'moai.manage_members.assigned_coach', 'Can add/remove members from Moais where user is coach', '2025-06-10 17:17:47.894108 +00:00', '2025-06-10 17:17:47.894108 +00:00');
INSERT INTO public.permissions (id, key, description, created_at, updated_at) VALUES ('e413d222-8903-4deb-ae06-669f42b5b4de', 'moai.manage_members.assigned_admin', 'Can add/remove members from Moais where user is moai_member admin', '2025-06-10 17:17:47.894108 +00:00', '2025-06-10 17:17:47.894108 +00:00');
INSERT INTO public.permissions (id, key, description, created_at, updated_at) VALUES ('32c8a8a8-7ccb-4642-ae6e-8854a0f670b1', 'post.create.any_moai', 'Can create posts in any Moai they are part of', '2025-06-10 17:17:47.894108 +00:00', '2025-06-10 17:17:47.894108 +00:00');
INSERT INTO public.permissions (id, key, description, created_at, updated_at) VALUES ('4b8d8b5c-4ee8-495f-83cb-fbfae93bf6ff', 'post.delete.own', 'Can delete their own posts', '2025-06-10 17:17:47.894108 +00:00', '2025-06-10 17:17:47.894108 +00:00');
INSERT INTO public.permissions (id, key, description, created_at, updated_at) VALUES ('8a254ada-4c86-46d1-89b1-c7a5d992b095', 'post.delete.any_in_moai', 'Can delete any post in Moais they administer/coach', '2025-06-10 17:17:47.894108 +00:00', '2025-06-10 17:17:47.894108 +00:00');
INSERT INTO public.permissions (id, key, description, created_at, updated_at) VALUES ('95e073b0-f17a-45ce-b6ae-731b44cc1b0f', 'program.assign.coach', 'Coach can assign programs to their Moai members', '2025-06-10 17:17:47.894108 +00:00', '2025-06-10 17:17:47.894108 +00:00');
INSERT INTO public.permissions (id, key, description, created_at, updated_at) VALUES ('4f17961e-1d57-4052-974a-c7d598f84f80', 'moai.manage_blocklist', 'Moderators Admins Coaches can manage blocklist', '2025-07-04 01:10:53.813899 +00:00', '2025-07-04 01:10:53.813899 +00:00');


--- SEED ROLES_PERMISSIONS MAPPING ---
INSERT INTO public.role_permissions (role_id, permission_id, created_at) VALUES ('eca306eb-e0a2-40fe-be1e-15235a2cadb8', 'f9a435fb-c5cf-4f97-8bc3-24c4efe436e5', '2025-06-10 17:17:47.894108 +00:00');
INSERT INTO public.role_permissions (role_id, permission_id, created_at) VALUES ('eca306eb-e0a2-40fe-be1e-15235a2cadb8', '5a926fd3-6036-4c07-84c4-637b842d2859', '2025-06-10 17:17:47.894108 +00:00');
INSERT INTO public.role_permissions (role_id, permission_id, created_at) VALUES ('18c6e94e-d715-4fae-bd9a-2c9a3075743d', '83ccfe2e-37b6-4a08-82cf-a63384752688', '2025-06-10 17:17:47.894108 +00:00');
INSERT INTO public.role_permissions (role_id, permission_id, created_at) VALUES ('eca306eb-e0a2-40fe-be1e-15235a2cadb8', '83ccfe2e-37b6-4a08-82cf-a63384752688', '2025-06-14 16:18:29.693652 +00:00');
INSERT INTO public.role_permissions (role_id, permission_id, created_at) VALUES ('eca306eb-e0a2-40fe-be1e-15235a2cadb8', 'ad78a115-d9fd-4cdc-9ff0-d7b989dab6a3', '2025-06-14 16:22:56.610505 +00:00');
INSERT INTO public.role_permissions (role_id, permission_id, created_at) VALUES ('eca306eb-e0a2-40fe-be1e-15235a2cadb8', '289fc7ee-615e-49fe-8c86-8d2fa550b39c', '2025-06-14 16:22:56.621005 +00:00');
INSERT INTO public.role_permissions (role_id, permission_id, created_at) VALUES ('eca306eb-e0a2-40fe-be1e-15235a2cadb8', '37da8020-1147-4880-8ef8-660070722cff', '2025-06-14 16:22:56.630123 +00:00');
INSERT INTO public.role_permissions (role_id, permission_id, created_at) VALUES ('eca306eb-e0a2-40fe-be1e-15235a2cadb8', '463ed1f7-5b66-46c4-96ca-e26af71afa2c', '2025-06-14 16:22:56.639117 +00:00');
INSERT INTO public.role_permissions (role_id, permission_id, created_at) VALUES ('eca306eb-e0a2-40fe-be1e-15235a2cadb8', 'c87f7337-4e66-4274-912b-3663c15b3d29', '2025-06-14 16:22:56.648131 +00:00');
INSERT INTO public.role_permissions (role_id, permission_id, created_at) VALUES ('eca306eb-e0a2-40fe-be1e-15235a2cadb8', '52ae2451-0aac-495b-9e68-f57fe998cde2', '2025-06-14 16:22:56.655950 +00:00');
INSERT INTO public.role_permissions (role_id, permission_id, created_at) VALUES ('eca306eb-e0a2-40fe-be1e-15235a2cadb8', '6caef08d-0d1a-4f4f-ac2f-60f89ab46e40', '2025-06-14 16:22:56.663224 +00:00');
INSERT INTO public.role_permissions (role_id, permission_id, created_at) VALUES ('eca306eb-e0a2-40fe-be1e-15235a2cadb8', 'c9dacd9d-4337-432c-9305-bb280df995d6', '2025-06-14 16:22:56.670896 +00:00');
INSERT INTO public.role_permissions (role_id, permission_id, created_at) VALUES ('eca306eb-e0a2-40fe-be1e-15235a2cadb8', '33e62694-c071-4a06-b8cb-10f5f817f14e', '2025-06-14 16:22:56.677947 +00:00');
INSERT INTO public.role_permissions (role_id, permission_id, created_at) VALUES ('967fdead-46ac-439b-852b-4326237bfe0f', '4f17961e-1d57-4052-974a-c7d598f84f80', '2025-07-04 01:18:54.476049 +00:00');
INSERT INTO public.role_permissions (role_id, permission_id, created_at) VALUES ('22d8475c-dd2c-42eb-890f-218b7e2256ef', '4f17961e-1d57-4052-974a-c7d598f84f80', '2025-07-04 01:18:54.476049 +00:00');
INSERT INTO public.role_permissions (role_id, permission_id, created_at) VALUES ('eca306eb-e0a2-40fe-be1e-15235a2cadb8', '4f17961e-1d57-4052-974a-c7d598f84f80', '2025-07-04 01:29:33.595658 +00:00');
